gene,hgvs_p,label
KDM1A,p.(Pro52Ser),0
KDM1A,p.(Arg61Ser),0
KDM1A,p.(Leu220Pro),0
KDM1A,p.(Leu220Arg),0
KDM1A,p.(Glu225Val),0
KDM1A,p.(Ser254Gly),0
KDM1A,p.(Ile229Thr),0
KDM1A,p.(Asp375Gly),1
KDM1A,p.(Glu379Lys),1
KDM1A,p.(Glu379Ala),1
KDM1A,p.(Leu519Phe),0
KDM1A,p.(Gln554Arg),1
KDM1A,p.(Asp555Gly),1
KDM1A,p.(Asp555Val),1
KDM1A,p.(Asp556Gly),1
KDM1A,p.(Thr48Ile),0
KDM1A,p.(Tyr761His),1
KDM1A,p.(Ser814Arg),0
KDM1A,p.(Ile818Val),0
KDM1A,p.(Met829Ile),0
KDM1A,p.(Asp688Asn),0
KDM1A,p.(Leu692Val),0
KDM1A,p.(Tyr698His),0
KDM1A,p.(Asp699Asn),0
HDAC1,p.(Asn154Ser),1
HDAC1,p.(Gly183Asp),0
HDAC1,p.(Thr206Ile),0
UROD,p.(Trp34Arg),1
UROD,p.(Phe46Leu),1
UROD,p.(Pro62Leu),1
UROD,p.(Ala80Ser),1
UROD,p.(Ala80Gly),1
UROD,p.(Thr60Ile),0
UROD,p.(Thr112Pro),0
UROD,p.(Pro115Ser),0
UROD,p.(Ala122Val),1
UROD,p.(Gln116Arg),0
UROD,p.(Arg122Gln),0
UROD,p.(Val134Gln),1
UROD,p.(Val134Leu),1
UROD,p.(Met165Arg),1
UROD,p.(Val166Ala),1
UROD,p.(Arg193Pro),1
UROD,p.(Leu195Phe),1
UROD,p.(His220Pro),1
UROD,p.(Arg249Gln),0
UROD,p.(Val279Met),1
UROD,p.(Gly281Glu),1
UROD,p.(Gly281Val),1
UROD,p.(Arg292Gly),1
UROD,p.(Gly303Ser),1
UROD,p.(Asn304Lys),1
TAL1,p.(Ala104Val),0
TAL1,p.(Ala104Ser),0
TAL1,p.(Gly62Arg),0
TAL1,p.(Ala27Gly),0
HJV,p.(Cys321Trp),1
HJV,p.(Gly320Val),1
HJV,p.(Cys317Ser),1
HJV,p.(Ala310Gly),0
HJV,p.(Ile281Thr),1
HJV,p.(Leu70Pro),0
HJV,p.(Arg65Lys),0
HJV,p.(Cys61Phe),0
HJV,p.(Cys61Tyr),0
HJV,p.(Leu57Ser),0
HJV,p.(Gln228Lys),0
HJV,p.(Pro47Gln),0
HJV,p.(Met208Val),0
HJV,p.(Trp191Ser),1
HJV,p.(Arg176Cys),1
HJV,p.(Asp172Glu),1
HJV,p.(Phe170Ser),1
HJV,p.(Phe103Leu),1
HJV,p.(Leu101Pro),1
HJV,p.(Gly99Arg),1
HJV,p.(Cys89Arg),1
HJV,p.(Cys80Gly),1
HJV,p.(Cys80Arg),1
HJV,p.(Glu3Asp),0
PPOX,p.(Gly10Glu),1
PPOX,p.(Ile12Thr),1
PPOX,p.(His20Pro),1
PPOX,p.(Arg23Gln),0
PPOX,p.(Arg59Trp),1
PPOX,p.(Leu85Pro),1
PPOX,p.(Gln94Leu),0
PPOX,p.(Thr102Met),0
PPOX,p.(Ala104Val),0
PPOX,p.(Arg113Thr),1
PPOX,p.(Asp133Asn),0
PPOX,p.(Leu48Phe),0
PPOX,p.(Gly58Val),1
PPOX,p.(Ala59Thr),0
PPOX,p.(Arg138Pro),1
PPOX,p.(Arg152Cys),1
PPOX,p.(Arg168Cys),1
PPOX,p.(Arg168His),1
PPOX,p.(Gly169Glu),1
PPOX,p.(Val95Gly),0
PPOX,p.(His180Arg),0
PPOX,p.(Gly232Arg),1
PPOX,p.(Arg247Ser),0
PPOX,p.(Val270Leu),1
PPOX,p.(Ile283Thr),1
PPOX,p.(Arg304His),0
PPOX,p.(Val113Leu),0
PPOX,p.(Tyr348Cys),1
PPOX,p.(Asp349Ala),1
PPOX,p.(Gly154Ala),1
PPOX,p.(Gly154Val),1
PPOX,p.(Glu474Gly),0
B4GALT3,p.(Asp41Glu),0
DNMT3A,p.(Phe909Ser),1
DNMT3A,p.(Tyr908Asn),1
DNMT3A,p.(Pro904Leu),1
DNMT3A,p.(Pro904Ser),1
DNMT3A,p.(Phe902Ser),1
DNMT3A,p.(Ile898Thr),1
DNMT3A,p.(Arg882His),1
DNMT3A,p.(Arg882Cys),1
DNMT3A,p.(Gly869Ala),1
DNMT3A,p.(Gln842Arg),1
DNMT3A,p.(Thr832Ile),1
DNMT3A,p.(Gly796Cys),1
DNMT3A,p.(Cys107Arg),0
DNMT3A,p.(Pro777His),1
DNMT3A,p.(Arg771Gln),1
DNMT3A,p.(Arg771Gly),1
DNMT3A,p.(Ser770Leu),1
DNMT3A,p.(Arg749Cys),1
DNMT3A,p.(Leu738Arg),1
DNMT3A,p.(Arg729Gln),1
DNMT3A,p.(Gly726Val),1
DNMT3A,p.(Val716Ile),1
DNMT3A,p.(Gln41Lys),0
DNMT3A,p.(Gly40Arg),0
DNMT3A,p.(Trp39Arg),0
DNMT3A,p.(Asp702Gly),1
DNMT3A,p.(Ile34Phe),0
DNMT3A,p.(Pro33Ala),0
DNMT3A,p.(Gly699Asp),1
DNMT3A,p.(Pro29Leu),1
DNMT3A,p.(Thr671Met),1
DNMT3A,p.(Gly70Arg),0
DNMT3A,p.(Leu69Phe),0
DNMT3A,p.(Tyr660His),1
DNMT3A,p.(Gly64Arg),0
DNMT3A,p.(Leu59Phe),0
DNMT3A,p.(Leu648Pro),1
DNMT3A,p.(Pro54Ser),0
DNMT3A,p.(Arg52Gly),1
DNMT3A,p.(Gly642Val),1
DNMT3A,p.(Leu639Pro),1
DNMT3A,p.(Val636Glu),1
DNMT3A,p.(Val636Leu),1
DNMT3A,p.(Val636Met),1
DNMT3A,p.(Cys586Phe),1
DNMT3A,p.(Cys583Tyr),1
DNMT3A,p.(Cys562Gly),1
DNMT3A,p.(Cys559Tyr),1
DNMT3A,p.(Cys557Arg),1
DNMT3A,p.(Arg556Ser),1
DNMT3A,p.(Cys554Ser),1
DNMT3A,p.(Gly550Arg),1
DNMT3A,p.(Met548Thr),1
DNMT3A,p.(Met548Lys),1
DNMT3A,p.(Glu545Gly),1
DNMT3A,p.(Gly543Asp),1
DNMT3A,p.(Gly543Arg),1
DNMT3A,p.(Gly543Ser),1
DNMT3A,p.(Val510Ile),0
DNMT3A,p.(Leu508Pro),1
DNMT3A,p.(Asn501Ser),0
DNMT3A,p.(Cys497Phe),1
DNMT3A,p.(Cys494Ser),1
DNMT3A,p.(Glu427Val),0
DNMT3A,p.(Pro100Ser),0
DNMT3A,p.(Val99Ile),0
DNMT3A,p.(Gly96Arg),0
DNMT3A,p.(Arg95Cys),0
DNMT3A,p.(Arg95Ser),0
DNMT3A,p.(Pro89Ser),0
DNMT3A,p.(His87Arg),0
DNMT3A,p.(His87Tyr),0
DNMT3A,p.(Cys86Tyr),0
DNMT3A,p.(Leu373Pro),1
DNMT3A,p.(Lys335Arg),1
DNMT3A,p.(Asp333Asn),1
DNMT3A,p.(Trp330Arg),1
DNMT3A,p.(Ile310Asn),1
DNMT3A,p.(Pro307Leu),1
DNMT3A,p.(Trp306Arg),1
DNMT3A,p.(Gly302Ala),1
DNMT3A,p.(Lys299Gln),1
DNMT3A,p.(Gly298Trp),1
DNMT3A,p.(Gly298Arg),1
DNMT3A,p.(Pro166Thr),0
DNMT3A,p.(Ser152Phe),0
DNMT3A,p.(Gly150Asp),1
DNMT3A,p.(Ala149Val),0
DNMT3A,p.(Gly63Ser),0
DNMT3A,p.(Thr44Met),0
DNMT3A,p.(Glu30Ala),0
DNMT3A,p.(Ser6Ala),0
DNMT3A,p.(Ala3Ser),1
BCL11A,p.(His754Tyr),1
BCL11A,p.(Asp565Asn),0
BCL11A,p.(His547Arg),0
BCL11A,p.(His536Gln),0
BCL11A,p.(Met521Leu),1
BCL11A,p.(Ala498Val),0
BCL11A,p.(Glu458Lys),0
BCL11A,p.(Glu455Asp),0
BCL11A,p.(Thr292Lys),1
BCL11A,p.(His144Arg),0
BCL11A,p.(Ser149Leu),0
BCL11A,p.(Met161Ile),0
BCL11A,p.(Gly129Arg),1
BCL11A,p.(Ile90Met),1
BCL11A,p.(Arg68Gln),0
BCL11A,p.(His66Gln),1
BCL11A,p.(Asp59Val),1
BCL11A,p.(Cys51Ser),1
BCL11A,p.(Cys48Phe),1
BCL11A,p.(Thr47Pro),1
BCL11A,p.(Asp29His),0
BCL11A,p.(Pro19Ser),1
BCL11A,p.(Gln6His),0
BCL11A,p.(Arg4Cys),1
BCL11A,p.(Ser2Cys),1
NFE2L2,p.(Pro600Ala),0
NFE2L2,p.(Asn590Ser),0
NFE2L2,p.(Ser566Gly),0
NFE2L2,p.(Glu563Lys),0
NFE2L2,p.(Ala496Val),0
NFE2L2,p.(Arg449His),0
NFE2L2,p.(His446Gln),0
NFE2L2,p.(Val432Leu),0
NFE2L2,p.(Val432Ile),0
NFE2L2,p.(Leu430Phe),0
NFE2L2,p.(Gln421His),0
NFE2L2,p.(Ser410Pro),0
NFE2L2,p.(Gly401Glu),0
NFE2L2,p.(Ser399Pro),0
NFE2L2,p.(Val397Ile),0
NFE2L2,p.(Asn391Ser),0
NFE2L2,p.(Gln390His),0
NFE2L2,p.(Lys389Arg),0
NFE2L2,p.(Gly345Arg),0
NFE2L2,p.(Leu322Pro),0
NFE2L2,p.(Leu309Phe),0
NFE2L2,p.(Val268Met),0
NFE2L2,p.(Leu266Phe),0
NFE2L2,p.(Thr260Pro),0
NFE2L2,p.(Pro233Ser),0
NFE2L2,p.(Pro233Thr),0
NFE2L2,p.(Ser231Cys),0
NFE2L2,p.(Lys219Arg),0
NFE2L2,p.(Lys200Glu),0
NFE2L2,p.(Ile202Met),0
NFE2L2,p.(Asp183Ala),0
NFE2L2,p.(Leu177Val),0
NFE2L2,p.(Ile157Thr),0
NFE2L2,p.(Glu152Lys),0
NFE2L2,p.(Ile147Thr),0
NFE2L2,p.(Thr139Met),0
NFE2L2,p.(Gln121His),0
NFE2L2,p.(Arg72Gly),0
NFE2L2,p.(Glu82Asp),1
NFE2L2,p.(Gly81Ser),1
NFE2L2,p.(Thr80Lys),1
NFE2L2,p.(Glu79Lys),1
NFE2L2,p.(Ala72Thr),0
NFE2L2,p.(Arg43Gln),0
NFE2L2,p.(Arg43Trp),0
NFE2L2,p.(Gly31Arg),1
NFE2L2,p.(Arg25Ser),0
NFE2L2,p.(Gln14His),0
SLC40A1,p.(Arg561Gly),0
SLC40A1,p.(Ala552Thr),0
SLC40A1,p.(Val531Ala),1
SLC40A1,p.(Tyr501Cys),1
SLC40A1,p.(Gly494Asp),1
SLC40A1,p.(Gly490Asp),1
SLC40A1,p.(Gly490Ser),1
SLC40A1,p.(Pro443Leu),0
SLC40A1,p.(Met432Val),0
SLC40A1,p.(Ile418Val),0
SLC40A1,p.(Arg409Gly),0
SLC40A1,p.(Arg371Trp),0
SLC40A1,p.(Ala350Asp),1
SLC40A1,p.(Cys326Phe),1
SLC40A1,p.(Cys326Tyr),1
SLC40A1,p.(Gly323Val),1
SLC40A1,p.(Gly323Asp),1
SLC40A1,p.(Asp270Val),0
SLC40A1,p.(Gly267Asp),1
SLC40A1,p.(Gln248His),0
SLC40A1,p.(Gln248Leu),0
SLC40A1,p.(Leu233Pro),1
SLC40A1,p.(Tyr227Asp),1
SLC40A1,p.(Ser209Leu),1
SLC40A1,p.(Gly206Arg),1
SLC40A1,p.(Gly204Val),1
SLC40A1,p.(Gly204Ser),1
SLC40A1,p.(Asn185Thr),1
SLC40A1,p.(Gln182His),1
SLC40A1,p.(Gln182Glu),1
SLC40A1,p.(Asp181Val),1
SLC40A1,p.(Asp181Asn),1
SLC40A1,p.(Arg179Thr),1
SLC40A1,p.(Arg178Gln),1
SLC40A1,p.(Ala175Asp),1
SLC40A1,p.(Val160Ala),1
SLC40A1,p.(Trp158Cys),1
SLC40A1,p.(Asp157Gly),1
SLC40A1,p.(Thr148Ala),1
SLC40A1,p.(Asn144Tyr),1
SLC40A1,p.(Asn144Asp),1
SLC40A1,p.(Asn144His),1
SLC40A1,p.(Arg88Thr),1
SLC40A1,p.(Arg88Gly),1
SLC40A1,p.(Gly80Val),1
SLC40A1,p.(Gly80Ser),1
SLC40A1,p.(Ala77Asp),1
SLC40A1,p.(Ser71Phe),1
SLC40A1,p.(Val63Ala),1
ABCB6,p.(Leu811Val),1
ABCB6,p.(Gly39Asp),0
ABCB6,p.(Gly579Glu),1
ABCB6,p.(Gln555Lys),1
ABCB6,p.(Thr521Ser),0
ABCB6,p.(Ala492Thr),0
ABCB6,p.(Leu425Val),0
ABCB6,p.(Arg375Gln),1
ABCB6,p.(Arg375Trp),1
ABCB6,p.(Leu356Pro),1
ABCB6,p.(Arg343Gln),0
ABCB6,p.(Val306Ile),0
ABCB6,p.(Arg276Trp),0
ABCB6,p.(Arg247Cys),0
ABCB6,p.(Ser228Ile),0
ABCB6,p.(Ser228Asn),0
ABCB6,p.(Gln217Lys),0
ABCB6,p.(Arg192Trp),0
ABCB6,p.(Ser170Gly),1
ABCB6,p.(Tyr106His),0
SLC25A38,p.(Arg5Gln),0
SLC25A38,p.(Gln52Lys),1
SLC25A38,p.(Arg62Gly),0
SLC25A38,p.(Pro88Arg),1
SLC25A38,p.(Ile90Asn),1
SLC25A38,p.(Gly98Glu),1
SLC25A38,p.(Val123Ile),0
SLC25A38,p.(Met124Val),0
SLC25A38,p.(Gly126Arg),1
SLC25A38,p.(Gly126Glu),1
SLC25A38,p.(Arg130Cys),1
SLC25A38,p.(Arg130His),1
SLC25A38,p.(Ile143Asn),1
SLC25A38,p.(Arg146Cys),1
SLC25A38,p.(Gly141Arg),1
SLC25A38,p.(Asp172His),1
SLC25A38,p.(Leu180Pro),1
SLC25A38,p.(Asp193His),1
SLC25A38,p.(Leu214Pro),1
SLC25A38,p.(Arg261Gly),1
ALAS1,p.(Arg13Gln),0
ALAS1,p.(Arg422Gln),0
CPOX,p.(His431Arg),0
CPOX,p.(Arg426Gln),1
CPOX,p.(Lys404Glu),1
CPOX,p.(Lys370Glu),0
CPOX,p.(Arg352Cys),0
CPOX,p.(Asp343Val),0
CPOX,p.(Arg328Cys),1
CPOX,p.(His327Arg),1
CPOX,p.(His295Asp),1
CPOX,p.(Val294Ile),0
CPOX,p.(Gly279Arg),1
CPOX,p.(Asn272His),0
CPOX,p.(Thr256Ala),0
CPOX,p.(Cys239Tyr),0
CPOX,p.(Lys175Arg),0
CPOX,p.(Lys171Met),0
CPOX,p.(Lys171Arg),0
CPOX,p.(His211Arg),0
CPOX,p.(Ser208Phe),1
CPOX,p.(Glu201Lys),1
CPOX,p.(His95Arg),0
GATA2,p.(Pro179Leu),0
GATA2,p.(Pro173Gln),0
GATA2,p.(Ala171Val),0
GATA2,p.(Gly148Arg),0
GATA2,p.(His137Tyr),0
GATA2,p.(Arg136Cys),0
GATA2,p.(Asp135Asn),0
GATA2,p.(Val131Phe),0
GATA2,p.(Pro130Ser),0
GATA2,p.(Pro129Ser),0
GATA2,p.(Pro128Ser),0
GATA2,p.(Pro127Ser),0
GATA2,p.(Arg126Trp),0
GATA2,p.(Leu125Phe),0
GATA2,p.(Leu124Phe),0
GATA2,p.(Ser463Pro),0
GATA2,p.(Leu121Phe),0
GATA2,p.(Ser462Pro),0
GATA2,p.(Leu120Phe),0
GATA2,p.(Pro119Ser),0
GATA2,p.(His117Tyr),0
GATA2,p.(Ala116Pro),0
GATA2,p.(Ala116Thr),0
GATA2,p.(Asp115Tyr),0
GATA2,p.(Asp115His),0
GATA2,p.(Asp115Asn),0
GATA2,p.(Ala112Ser),0
GATA2,p.(Ala112Thr),0
GATA2,p.(Pro111Leu),0
GATA2,p.(Thr109Ser),0
GATA2,p.(Thr109Ala),0
GATA2,p.(Arg108Trp),0
GATA2,p.(Arg108Gly),0
GATA2,p.(Pro106Ser),0
GATA2,p.(Ser447Arg),1
GATA2,p.(Ala103Thr),0
GATA2,p.(Pro102Ala),0
GATA2,p.(Pro102Thr),0
GATA2,p.(Pro100Ser),0
GATA2,p.(Gly99Arg),0
GATA2,p.(Trp93Gly),0
GATA2,p.(Pro91Leu),0
GATA2,p.(Pro91Ser),0
GATA2,p.(Cys88Arg),0
GATA2,p.(Leu86Phe),0
GATA2,p.(Leu86Val),0
GATA2,p.(Val83Ile),0
GATA2,p.(Gly81Arg),0
GATA2,p.(Lys77Glu),0
GATA2,p.(Ala75Thr),0
GATA2,p.(Val71Met),0
GATA2,p.(Gly70Arg),0
GATA2,p.(Gly69Ser),0
GATA2,p.(Glu65Lys),0
GATA2,p.(Glu57Gln),0
GATA2,p.(Glu57Lys),0
GATA2,p.(Arg398Gln),1
GATA2,p.(Arg398Trp),1
GATA2,p.(Arg398Gly),1
GATA2,p.(Glu55Lys),0
GATA2,p.(Arg396Leu),1
GATA2,p.(Arg396Gln),1
GATA2,p.(Arg396Trp),1
GATA2,p.(Arg396Gly),1
GATA2,p.(Ser54Ala),0
GATA2,p.(Ser54Pro),0
GATA2,p.(Pro52Leu),1
GATA2,p.(Arg50Gly),0
GATA2,p.(Met388Thr),1
GATA2,p.(His46Tyr),0
GATA2,p.(His46Asp),0
GATA2,p.(His46Asn),0
GATA2,p.(Asp45Tyr),0
GATA2,p.(Asp45His),0
GATA2,p.(Thr44Ala),0
GATA2,p.(Pro385Gln),1
GATA2,p.(Tyr377Asp),1
GATA2,p.(Leu375Phe),1
GATA2,p.(Leu375Val),1
GATA2,p.(Cys373Tyr),1
GATA2,p.(Cys373Arg),1
GATA2,p.(Asn371Lys),1
GATA2,p.(Cys370Trp),1
GATA2,p.(Pro368Arg),1
GATA2,p.(Arg362Pro),1
GATA2,p.(Arg361Leu),1
GATA2,p.(Arg361His),1
GATA2,p.(Arg361Cys),1
GATA2,p.(Arg361Gly),1
GATA2,p.(Trp360Leu),1
GATA2,p.(Leu359Ser),1
GATA2,p.(Thr358Asn),1
GATA2,p.(Thr354Met),1
GATA2,p.(Thr354Arg),1
GATA2,p.(Thr354Pro),1
GATA2,p.(Cys352Phe),1
GATA2,p.(Cys352Gly),1
GATA2,p.(Cys352Arg),1
GATA2,p.(Cys349Phe),1
GATA2,p.(Cys349Tyr),1
GATA2,p.(Cys349Gly),1
GATA2,p.(Cys349Arg),1
GATA2,p.(Ala318Thr),1
GATA2,p.(Leu315Pro),1
GATA2,p.(Thr279Ser),0
GATA2,p.(Ser262Ile),0
GATA2,p.(Pro250Ala),0
GATA2,p.(Gly237Asp),0
GATA2,p.(Thr235Ala),0
GATA2,p.(Gly210Ser),0
GATA2,p.(Thr176Pro),1
GATA2,p.(Ala164Thr),0
GATA2,p.(Thr162Pro),0
GATA2,p.(Ser92Asn),0
GATA2,p.(Pro27Ser),0
GATA2,p.(Pro93Arg),0
TFRC,p.(Lys405Arg),0
TFRC,p.(Leu564Ser),0
TFRC,p.(Val562Ile),0
TFRC,p.(Arg561Cys),0
TFRC,p.(Gly420Ser),0
TFRC,p.(Ala407Thr),0
TFRC,p.(Phe408Leu),0
TFRC,p.(Phe406Ser),0
TFRC,p.(Asp352Gly),0
TFRC,p.(Ile337Val),0
TFRC,p.(Leu214His),0
TFRC,p.(Thr213Ile),0
TFRC,p.(Val204Ala),0
TFRC,p.(Leu212Val),0
TFRC,p.(Gly142Ser),0
FTMT,p.(Leu7Phe),0
FTMT,p.(Pro21Ser),0
BMP6,p.(Arg28Gln),0
BMP6,p.(Pro95Ser),0
BMP6,p.(Leu96Pro),0
BMP6,p.(Gln113Glu),0
BMP6,p.(Leu137Met),1
BMP6,p.(Asn147Asp),0
BMP6,p.(Gly155Glu),0
BMP6,p.(Ala189Thr),0
BMP6,p.(Arg257His),0
BMP6,p.(Val394Met),0
HFE,p.(Gly30Ser),0
HFE,p.(Gly30Asp),0
HFE,p.(Cys31Gly),0
HFE,p.(Ser88Cys),1
HFE,p.(Gly114Asp),1
HFE,p.(Gly114Ala),1
HFE,p.(Gly114Val),1
HFE,p.(Met115Thr),0
HFE,p.(Trp116Cys),0
HFE,p.(Gly118Arg),0
HFE,p.(Leu120Pro),0
HFE,p.(Leu183Pro),1
HFE,p.(Arg226Gln),0
HFE,p.(Gln283Pro),1
HFE,p.(Ile296Thr),0
HFE,p.(Gly298Cys),1
HFE,p.(Gly298Val),1
HFE,p.(Ser284Asn),0
HFE,p.(His286Asn),1
HFE,p.(Arg287His),0
HFE,p.(Arg287Pro),0
HFE,p.(Arg287Leu),0
HFE,p.(Pro290Arg),0
HFE,p.(Pro150Leu),0
HFE,p.(Arg163Cys),0
HFE,p.(Leu165Phe),0
HFE,p.(His172Tyr),0
HFE,p.(Arg330Met),1
HFE,p.(Phe180Leu),0
GCLC,p.(His94Leu),1
GCLC,p.(Pro158Leu),1
HDAC2,p.(Asn159His),0
HDAC2,p.(Tyr125Cys),0
HDAC2,p.(Ile23Val),0
HBS1L,p.(Gln108His),0
HBS1L,p.(Val105Ile),0
MYB,p.(Thr336Ile),0
MYB,p.(Ala359Val),0
MYB,p.(Ser405Pro),0
MYB,p.(Ile499Leu),0
MYB,p.(Thr422Asn),0
MYB,p.(Glu629Ala),0
MYB,p.(Gly631Glu),0
MYB,p.(Ser727Gly),0
MYB,p.(Met737Thr),0
TFR2,p.(Gly792Arg),1
TFR2,p.(Arg752His),0
TFR2,p.(Gln690Pro),1
TFR2,p.(Arg678Pro),1
TFR2,p.(Arg637His),0
TFR2,p.(Met588Leu),0
TFR2,p.(Ser470Ile),1
TFR2,p.(Gly473Ser),1
TFR2,p.(Pro472Thr),0
TFR2,p.(Ser471Phe),0
TFR2,p.(Pro469Leu),0
TFR2,p.(Pro469Thr),0
TFR2,p.(Gly351Arg),1
TFR2,p.(Met350Val),0
TFR2,p.(Met350Leu),0
TFR2,p.(Pro346Ser),0
TFR2,p.(Gly430Arg),1
TFR2,p.(Arg344Trp),0
TFR2,p.(Arg341Cys),0
TFR2,p.(Arg336Gly),0
TFR2,p.(Pro334Ala),0
TFR2,p.(Ile417Val),0
TFR2,p.(His331Tyr),0
TFR2,p.(Arg329Trp),0
TFR2,p.(Pro323Thr),0
TFR2,p.(Leu321Phe),0
TFR2,p.(Ser318Pro),0
TFR2,p.(Gly315Ser),0
TFR2,p.(Arg398Gln),0
TFR2,p.(Ala312Thr),0
TFR2,p.(Thr311Ala),0
TFR2,p.(Thr310Met),1
TFR2,p.(Thr310Ala),0
TFR2,p.(Arg308Trp),0
TFR2,p.(Pro305Ser),0
TFR2,p.(Pro302Ser),0
TFR2,p.(Leu301Phe),0
TFR2,p.(Pro299Leu),0
TFR2,p.(Pro299Ser),0
TFR2,p.(Pro298Ser),0
TFR2,p.(Glu297Gln),0
TFR2,p.(Glu297Lys),0
TFR2,p.(Pro292Leu),1
TFR2,p.(Ser156Leu),0
TFR2,p.(Gln286Lys),0
TFR2,p.(Ala347Thr),0
TFR2,p.(Met304Arg),1
TFR2,p.(Met304Thr),0
TFR2,p.(Cys303Tyr),0
TFR2,p.(Gln302Arg),0
TFR2,p.(Gln302Pro),0
TFR2,p.(Arg301Lys),0
TFR2,p.(Pro298Gln),0
TFR2,p.(Cys297Ser),0
TFR2,p.(Pro289Arg),0
TFR2,p.(Ser288Phe),0
TFR2,p.(Thr287Ile),0
TFR2,p.(Pro290Leu),0
TFR2,p.(Leu289Pro),0
TFR2,p.(Leu289Phe),0
TFR2,p.(His288Arg),0
TFR2,p.(Ser287Asn),0
TFR2,p.(Val273Met),0
TFR2,p.(Leu256Arg),0
TFR2,p.(Ile238Met),0
TFR2,p.(Asp230Glu),0
TFR2,p.(Leu224Arg),1
TFR2,p.(His212Gln),0
TFR2,p.(Glu178Gly),1
TFR2,p.(Arg177Pro),1
TFR2,p.(Arg175Gln),0
TFR2,p.(Ser174Phe),0
TFR2,p.(Cys172Ser),0
TFR2,p.(Cys172Tyr),0
TFR2,p.(Gly171Asp),0
TFR2,p.(Trp170Leu),0
TFR2,p.(Thr169Met),0
TFR2,p.(Thr169Arg),1
TFR2,p.(Tyr197Cys),0
TFR2,p.(Arg167His),0
TFR2,p.(Thr162Met),0
TFR2,p.(Met172Lys),1
TFR2,p.(His119Tyr),0
TFR2,p.(Gly118Arg),0
TFR2,p.(Gly113Arg),0
TFR2,p.(Gly112Arg),0
TFR2,p.(Pro111Ser),0
TFR2,p.(Pro108Leu),0
TFR2,p.(Pro104Ala),0
TFR2,p.(Pro103Ser),0
TFR2,p.(Thr98Ala),0
TFR2,p.(Gln97Glu),0
TFR2,p.(Glu125Ala),0
TFR2,p.(Gly41Arg),0
TFR2,p.(Gln24Lys),0
TFR2,p.(Gln24Arg),1
TFR2,p.(Gln24Pro),1
TFR2,p.(Ala23Val),0
TFR2,p.(Ser21Leu),0
TFR2,p.(Pro19Leu),0
TFR2,p.(Pro19Ser),0
SLC25A37,p.(Ala248Ser),0
GSR,p.(Gly374Ala),1
GSR,p.(Ile357Val),0
GSR,p.(Arg111Cys),0
GSR,p.(Gly214Ser),1
GSR,p.(His208Gln),0
GSR,p.(Arg153Cys),0
GSR,p.(Ala20Val),0
GSR,p.(Ser15Gly),0
GSR,p.(Pro14Gln),0
GSR,p.(Pro5Ser),0
ACO1,p.(Pro349Ser),0
ACO1,p.(Val795Ile),0
ACO1,p.(Gln832Arg),0
ACO1,p.(Ala861Val),0
ALAD,p.(Ala274Thr),1
ALAD,p.(Arg231Gln),0
ALAD,p.(Ile148Val),0
ALAD,p.(Gly141Arg),0
ALAD,p.(Gly133Arg),1
ALAD,p.(His106Arg),0
ALAD,p.(Lys59Asn),0
ALAD,p.(Ser57Thr),0
ALAD,p.(Arg56Gly),0
LDB1,p.(Glu97Asp),0
UROS,p.(Leu251Val),0
UROS,p.(Pro248Gln),1
UROS,p.(Thr247Met),0
UROS,p.(Leu237Pro),1
UROS,p.(Ala234Thr),0
UROS,p.(Gly225Ser),1
UROS,p.(Ser212Pro),1
UROS,p.(Gly188Trp),1
UROS,p.(Gly188Arg),1
UROS,p.(Gln186Lys),0
UROS,p.(Val171Gly),0
UROS,p.(Asp113Val),0
UROS,p.(Val99Ala),1
UROS,p.(Ser86Ala),0
UROS,p.(Glu81Asp),1
UROS,p.(Cys73Arg),1
UROS,p.(Ala66Val),1
UROS,p.(Thr62Ala),1
UROS,p.(Pro53Leu),1
UROS,p.(Tyr19Cys),1
UROS,p.(Asp8Asn),0
UROS,p.(Leu4Phe),1
UROS,p.(Val3Phe),1
HBB,p.(His147Leu),1
HBB,p.(His147Pro),1
HBB,p.(His147Asp),1
HBB,p.(Tyr146Cys),1
HBB,p.(Tyr146His),1
HBB,p.(Tyr146Asn),1
HBB,p.(Lys145Asn),1
HBB,p.(His144Arg),1
HBB,p.(His144Pro),1
HBB,p.(His144Tyr),0
HBB,p.(Ala141Val),1
HBB,p.(Ala141Thr),1
HBB,p.(Asn140Lys),0
HBB,p.(Val135Glu),1
HBB,p.(Lys133Gln),0
HBB,p.(Gln128Arg),1
HBB,p.(Gln128Pro),1
HBB,p.(Val127Gly),1
HBB,p.(Pro125Thr),0
HBB,p.(Glu122Gln),1
HBB,p.(Glu122Lys),1
HBB,p.(Lys121Asn),0
HBB,p.(Ala116Asp),1
HBB,p.(Ala116Pro),1
HBB,p.(Leu115Pro),1
HBB,p.(Cys113Arg),1
HBB,p.(Leu111Pro),1
HBB,p.(Val110Leu),1
HBB,p.(Val110Met),1
HBB,p.(Asn109Lys),1
HBB,p.(Gly108Asp),1
HBB,p.(Leu107Arg),1
HBB,p.(Leu107Gln),1
HBB,p.(Ala111Ser),0
HBB,p.(Ala111Pro),0
HBB,p.(Ala111Thr),0
HBB,p.(Asp110Ala),0
HBB,p.(Asp110His),0
HBB,p.(Trp109Cys),0
HBB,p.(Trp109Ser),0
HBB,p.(Trp109Gly),0
HBB,p.(Leu108Pro),0
HBB,p.(Ser107Thr),1
HBB,p.(Val106Gly),1
HBB,p.(Val106Ala),1
HBB,p.(Val106Leu),1
HBB,p.(Val106Met),1
HBB,p.(Arg105Thr),0
HBB,p.(Phe104Leu),1
HBB,p.(Asn103Thr),0
HBB,p.(Glu102Asp),1
HBB,p.(Glu102Gly),1
HBB,p.(Glu102Lys),1
HBB,p.(Pro101Leu),1
HBB,p.(Asp100Val),1
HBB,p.(Asp100Gly),1
HBB,p.(Asp100Ala),1
HBB,p.(Asp100Tyr),1
HBB,p.(Asp100His),1
HBB,p.(Asp100Asn),1
HBB,p.(Val99Met),1
HBB,p.(His98Gln),1
HBB,p.(His98Leu),1
HBB,p.(Asp95His),1
HBB,p.(His93Gln),1
HBB,p.(His93Tyr),1
HBB,p.(His93Asn),1
HBB,p.(Leu92Pro),1
HBB,p.(Glu91Asp),1
HBB,p.(Ser90Asn),1
HBB,p.(Ser90Arg),1
HBB,p.(Leu89Arg),1
HBB,p.(Leu89Pro),1
HBB,p.(Thr88Ile),1
HBB,p.(Thr88Pro),0
HBB,p.(Phe86Ser),1
HBB,p.(Lys83Asn),1
HBB,p.(Lys83Met),1
HBB,p.(Lys83Thr),1
HBB,p.(Lys83Glu),1
HBB,p.(Asp80Tyr),0
HBB,p.(Gly70Asp),0
HBB,p.(Leu69Pro),1
HBB,p.(Leu69His),1
HBB,p.(Leu69Phe),1
HBB,p.(Val68Glu),1
HBB,p.(Val68Met),1
HBB,p.(Lys67Thr),1
HBB,p.(His64Asn),1
HBB,p.(Val61Glu),1
HBB,p.(Arg55Lys),0
HBB,p.(Thr53Ile),0
HBB,p.(Ala52Val),0
HBB,p.(Ala52Glu),0
HBB,p.(Gly57Arg),0
HBB,p.(Leu50Ser),0
HBB,p.(Ala54Thr),1
HBB,p.(Met48Thr),0
HBB,p.(Leu47Pro),0
HBB,p.(Pro45Leu),0
HBB,p.(Pro45Gln),0
HBB,p.(Cys44Ser),0
HBB,p.(Ile43Thr),0
HBB,p.(Gly42Ala),0
HBB,p.(Gly42Glu),0
HBB,p.(Gly47Glu),0
HBB,p.(Phe46Cys),1
HBB,p.(Pro40Arg),0
HBB,p.(Leu38Phe),1
HBB,p.(Glu44Gln),0
HBB,p.(Leu38Ser),0
HBB,p.(Phe43Ser),1
HBB,p.(Phe43Val),1
HBB,p.(Phe43Leu),1
HBB,p.(Pro34Leu),0
HBB,p.(Gly33Glu),1
HBB,p.(Gly33Arg),1
HBB,p.(Leu32Arg),0
HBB,p.(Thr31Ser),1
HBB,p.(Thr31Asn),1
HBB,p.(Tyr36Cys),1
HBB,p.(Val35Phe),1
HBB,p.(Trp29Leu),0
HBB,p.(Leu33Pro),1
HBB,p.(Leu33Gln),1
HBB,p.(Cys27Phe),0
HBB,p.(Arg31Ser),1
HBB,p.(Arg31Met),1
HBB,p.(Arg31Thr),1
HBB,p.(Arg31Lys),1
HBB,p.(Arg31Gly),1
HBB,p.(Gly30Asp),1
HBB,p.(Leu29Pro),1
HBB,p.(Leu29Gln),1
HBB,p.(Ala28Asp),1
HBB,p.(Ala28Ser),1
HBB,p.(Ala28Thr),1
HBB,p.(Glu27Asp),1
HBB,p.(Glu27Gly),1
HBB,p.(Glu27Lys),1
HBB,p.(Val24Phe),1
HBB,p.(Asp22Tyr),0
HBB,p.(Val21Met),1
HBB,p.(Asn20Ser),1
HBB,p.(Ala14Thr),0
HBB,p.(Lys9Glu),1
HBB,p.(Glu8Gly),0
HBB,p.(Glu7Val),1
HBB,p.(Glu7Ala),0
HBB,p.(Glu7Met),1
HBB,p.(Glu7Lys),1
HBB,p.(Pro6Ala),0
HBB,p.(His3Gln),0
HBD,p.(Gly117Arg),1
HBD,p.(Val63Met),1
HBD,p.(Arg47Lys),0
HBD,p.(Leu76Val),1
HBD,p.(Arg31Thr),1
HBG1,p.(Ala137Gly),0
HBG1,p.(Glu122Lys),0
HBG1,p.(Thr76Ile),0
HBG1,p.(Gly73Arg),0
HBG1,p.(Arg41Lys),0
HBG1,p.(Gln40Arg),0
HBG1,p.(Gly26Arg),0
HBG1,p.(Glu6Lys),0
HBG2,p.(His93Tyr),1
HBG2,p.(Val68Met),1
HBG2,p.(Lys67Gln),0
HBG2,p.(His64Leu),1
HBG2,p.(His64Tyr),1
HBG2,p.(Lys60Glu),0
HBG2,p.(Ser45Arg),0
HBG2,p.(Arg41Lys),0
HBG2,p.(Leu29Gln),1
HBG2,p.(Leu29Met),1
HBG2,p.(Val21Ala),0
HBG2,p.(Gly17Arg),0
HBE1,p.(Ile76Val),0
SOX6,p.(Met774Ile),0
SOX6,p.(Pro672Ser),1
SOX6,p.(Trp639Arg),1
SOX6,p.(Trp611Cys),1
SOX6,p.(Met605Thr),1
SOX6,p.(Arg603Gln),1
SOX6,p.(Arg545His),0
SOX6,p.(Ile529Val),0
SOX6,p.(Lys441Glu),0
SOX6,p.(Ile468Thr),0
SOX6,p.(Thr441Lys),0
SOX6,p.(Ala434Val),0
SOX6,p.(Arg408Gly),0
SOX6,p.(Arg345Cys),0
SOX6,p.(Met312Val),1
SOX6,p.(Arg277Gln),0
SOX6,p.(Ile271Val),1
SOX6,p.(Ile220Phe),0
SOX6,p.(Gly179Ser),1
SOX6,p.(Met165Val),0
SOX6,p.(Lys155Thr),0
SOX6,p.(Met112Thr),0
SOX6,p.(Asp68Asn),0
SOX6,p.(His44Gln),1
SOX6,p.(Ala6Val),0
BEST1,p.(Ala195Val),1
BEST1,p.(Arg218Ser),1
BEST1,p.(Pro297Ser),1
BEST1,p.(Val311Gly),1
BEST1,p.(Pro409Leu),0
BEST1,p.(Val492Ile),0
BEST1,p.(Leu567Phe),0
FTH1,p.(Arg80Gln),0
FTH1,p.(Lys54Arg),0
HMBS,p.(Ala11Thr),0
HMBS,p.(Val12Met),1
HMBS,p.(Val12Leu),1
HMBS,p.(Val12Glu),1
HMBS,p.(Val12Gly),1
HMBS,p.(Ala14Gly),0
HMBS,p.(Glu15Gln),0
HMBS,p.(Pro16Thr),0
HMBS,p.(Thr18Ser),0
HMBS,p.(Arg53Cys),0
HMBS,p.(Gly7Asp),1
HMBS,p.(Tyr55Asp),0
HMBS,p.(Pro56Ser),0
HMBS,p.(Arg9Cys),1
HMBS,p.(Arg9His),1
HMBS,p.(Arg9Pro),1
HMBS,p.(Arg9Leu),1
HMBS,p.(Pro59Ser),0
HMBS,p.(Ala14Thr),1
HMBS,p.(Gln17Lys),1
HMBS,p.(Thr18Met),1
HMBS,p.(Gly66Arg),0
HMBS,p.(Ile72Phe),0
HMBS,p.(Ile72Thr),0
HMBS,p.(Leu25Ser),1
HMBS,p.(Leu75Phe),0
HMBS,p.(Ser28Leu),0
HMBS,p.(Val76Ile),0
HMBS,p.(Val76Leu),0
HMBS,p.(Ala80Val),1
HMBS,p.(Ser36Ile),1
HMBS,p.(Glu37Asp),1
HMBS,p.(Lys41Arg),0
HMBS,p.(Glu42Asp),0
HMBS,p.(Arg54Ser),0
HMBS,p.(Asp44Tyr),1
HMBS,p.(Ile17Thr),0
HMBS,p.(His19Arg),0
HMBS,p.(His19Leu),0
HMBS,p.(Leu21Pro),0
HMBS,p.(Cys28Ser),0
HMBS,p.(Arg31Lys),0
HMBS,p.(Glu63Gly),1
HMBS,p.(Leu64Pro),1
HMBS,p.(Asn34Ser),0
HMBS,p.(Ala67Asp),1
HMBS,p.(Arg38Lys),0
HMBS,p.(Leu75Pro),1
HMBS,p.(Thr47Ile),0
HMBS,p.(Lys81Glu),1
HMBS,p.(Asp82Asn),1
HMBS,p.(Leu83Pro),1
HMBS,p.(Gly94Arg),1
HMBS,p.(Arg99Trp),1
HMBS,p.(Ala105Pro),1
HMBS,p.(Pro121Leu),1
HMBS,p.(Arg132Gln),1
HMBS,p.(Arg150Trp),1
HMBS,p.(Arg150Gln),1
HMBS,p.(Arg150Pro),1
HMBS,p.(Arg150Leu),1
HMBS,p.(Arg156Trp),1
HMBS,p.(Arg156Gln),1
HMBS,p.(Arg156Pro),1
HMBS,p.(Leu160Arg),1
HMBS,p.(Arg178Cys),1
HMBS,p.(Arg184Trp),1
HMBS,p.(Gln187His),1
HMBS,p.(Ser170Phe),0
HMBS,p.(Cys171Tyr),0
HMBS,p.(Leu173Pro),0
HMBS,p.(Val198Met),1
HMBS,p.(Gly199Asp),1
HMBS,p.(Gly199Val),1
HMBS,p.(Gly201Glu),1
HMBS,p.(Gly155Ala),0
HMBS,p.(Ala158Val),0
HMBS,p.(Pro163Arg),0
HMBS,p.(Thr167Ile),0
HMBS,p.(Gly219Ser),1
HMBS,p.(Leu221Pro),1
HMBS,p.(Thr176Met),0
HMBS,p.(Asp223Gly),1
HMBS,p.(Ile177Thr),0
HMBS,p.(Pro178Leu),0
HMBS,p.(Leu228Arg),1
HMBS,p.(Cys230Arg),1
HMBS,p.(Ser185Leu),0
HMBS,p.(Glu233Lys),1
HMBS,p.(Ala235Pro),1
HMBS,p.(Ala235Val),1
HMBS,p.(His239Asn),1
HMBS,p.(Val250Met),1
HMBS,p.(Ala314Val),1
HMBS,p.(Leu326Pro),1
HMBS,p.(Asp342Asn),0
DPAGT1,p.(Ile393Val),0
HIGD1C,p.(Ile31Val),0
SLC11A2,p.(Arg500Trp),0
SLC11A2,p.(Leu435Ile),0
SLC11A2,p.(Arg416Cys),1
SLC11A2,p.(Glu399Asp),1
SLC11A2,p.(Thr337Ser),0
SLC11A2,p.(Ile298Thr),0
SLC11A2,p.(Ala228Val),0
SLC11A2,p.(Gly212Val),1
SLC11A2,p.(Ala209Thr),0
SLC11A2,p.(Gly75Arg),1
SLC11A2,p.(Tyr62His),0
SLC11A2,p.(Tyr6Ser),0
NFE2,p.(Arg365Gly),0
HBA2,p.(Leu3Arg),0
HBA2,p.(Lys8Glu),0
HBA2,p.(Gly16Cys),1
HBA2,p.(Ala20Glu),0
HBA2,p.(Tyr25Asp),1
HBA2,p.(Leu30Pro),1
HBA2,p.(Met33Thr),1
HBA2,p.(Met33Ile),1
HBA2,p.(Ser36Pro),1
HBA2,p.(Lys41Met),1
HBA2,p.(Phe44Val),1
HBA2,p.(Asp48His),1
HBA2,p.(Ser50Arg),0
HBA2,p.(His51Asp),0
HBA2,p.(Gly52Arg),0
HBA2,p.(Gln55Arg),0
HBA2,p.(His59Tyr),1
HBA2,p.(Gly60Arg),1
HBA2,p.(Gly60Asp),1
HBA2,p.(Lys62Asn),1
HBA2,p.(Asp65Asn),0
HBA2,p.(Leu67Pro),1
HBA2,p.(Asn69Lys),0
HBA2,p.(Asn79Lys),0
HBA2,p.(Leu81Pro),1
HBA2,p.(Leu81Arg),1
HBA2,p.(Ser82Phe),0
HBA2,p.(Ala89Gly),0
HBA2,p.(Ala89Val),1
HBA2,p.(Lys91Glu),0
HBA2,p.(Lys91Asn),0
HBA2,p.(Leu92Pro),1
HBA2,p.(Asp95Asn),1
HBA2,p.(Asp95Tyr),1
HBA2,p.(Lys100Asn),0
HBA2,p.(Val91Met),1
HBA2,p.(Ser109Ala),0
HBA2,p.(Ser103Arg),0
HBA2,p.(Cys105Arg),1
HBA2,p.(Cys105Tyr),1
HBA2,p.(Leu107Arg),1
HBA2,p.(Leu110Arg),1
HBA2,p.(Pro120Ser),1
HBA2,p.(Ser125Pro),1
HBA2,p.(Leu126Gln),1
HBA2,p.(Leu126Pro),1
HBA2,p.(Leu126Arg),1
HBA2,p.(Asp127Tyr),1
HBA2,p.(Lys128Thr),0
HBA2,p.(Leu130Pro),1
HBA2,p.(Leu137Pro),1
HBA2,p.(Lys140Glu),1
HBA2,p.(Tyr141His),1
HBA1,p.(Lys8Asn),0
HBA1,p.(Trp15Arg),1
HBA1,p.(Gly16Arg),0
HBA1,p.(Gly19Arg),0
HBA1,p.(Arg32Lys),1
HBA1,p.(Met33Ile),1
HBA1,p.(Pro45Leu),1
HBA1,p.(His51Gln),0
HBA1,p.(Gly52Ser),0
HBA1,p.(Gln55Glu),0
HBA1,p.(Gly60Arg),1
HBA1,p.(Gly60Asp),1
HBA1,p.(Asn69Lys),0
HBA1,p.(Asn79Lys),0
HBA1,p.(Ser85Arg),0
HBA1,p.(His88Tyr),1
HBA1,p.(His88Gln),1
HBA1,p.(Ala89Ser),1
HBA1,p.(Lys91Thr),0
HBA1,p.(Lys91Asn),0
HBA1,p.(Arg93Gln),1
HBA1,p.(Arg93Leu),1
HBA1,p.(Thr109Asn),1
HBA1,p.(Leu110Pro),1
HBA1,p.(Ala111Asp),1
HBA1,p.(Ala112Val),0
HBA1,p.(Glu117Ala),0
HBA1,p.(Pro120Ser),1
HBA1,p.(Asp127His),1
HBA1,p.(Phe129Ser),1
HBA1,p.(Leu130Pro),1
HBA1,p.(Val133Met),0
HBA1,p.(Leu137Arg),1
HBA1,p.(Lys140Glu),0
HBA1,p.(Tyr141His),1
HBA1,p.(Arg142Cys),1
HBA1,p.(Arg142His),1
HBA1,p.(Arg142Leu),1
HBQ1,p.(Lys16Arg),0
AHSP,p.(Pro100Thr),0
ZFPM1,p.(Arg22Gly),0
ZFPM1,p.(Val25Met),0
ZFPM1,p.(Ala48Thr),0
ZFPM1,p.(Gly70Ala),0
ZFPM1,p.(Gly83Ser),0
ZFPM1,p.(Pro94Leu),0
ZFPM1,p.(Ala146Ser),0
ZFPM1,p.(Ile236Val),0
ZFPM1,p.(Glu444Asp),0
ZFPM1,p.(Val467Ala),0
ZFPM1,p.(Pro478Thr),0
FECH,p.(Phe417Ser),1
FECH,p.(Cys411Gly),1
FECH,p.(Cys406Tyr),1
FECH,p.(Gln141His),0
FECH,p.(Gln141Lys),0
FECH,p.(Val136Gly),1
FECH,p.(Val362Gly),1
FECH,p.(Pro334Leu),1
FECH,p.(Glu317Lys),0
FECH,p.(Val305Phe),1
FECH,p.(Met288Thr),1
FECH,p.(Gln285Arg),1
FECH,p.(Asp274Asn),1
FECH,p.(Ser264Leu),1
FECH,p.(Cys236Tyr),1
FECH,p.(Ile224Met),1
FECH,p.(Ala185Thr),1
FECH,p.(Glu172Lys),0
FECH,p.(Ala155Pro),1
FECH,p.(Gly129Arg),0
FECH,p.(Arg96Gln),0
FECH,p.(Asn69Asp),1
FECH,p.(Gly55Ser),0
FECH,p.(Gln54Arg),0
FECH,p.(Thr47Arg),0
FECH,p.(Val45Ala),0
FECH,p.(Arg35Lys),0
TCF3,p.(Gly626Arg),0
TCF3,p.(Gln619Leu),0
TCF3,p.(Ala610Val),0
TCF3,p.(Ser607Leu),0
TCF3,p.(His604Tyr),0
TCF3,p.(Arg599His),0
TCF3,p.(Ala593Thr),1
TCF3,p.(Glu592Lys),0
TCF3,p.(Asn591Ser),0
TCF3,p.(Arg588Trp),0
TCF3,p.(Glu583Lys),1
TCF3,p.(Arg576His),0
TCF3,p.(Arg576Cys),0
TCF3,p.(Asp569Asn),0
TCF3,p.(Pro134Leu),0
TCF3,p.(Cys133Phe),0
TCF3,p.(Leu563Val),0
TCF3,p.(Glu561Lys),0
TCF3,p.(Thr130Met),0
TCF3,p.(Arg129Gln),0
TCF3,p.(Thr559Met),0
TCF3,p.(Ala127Val),0
TCF3,p.(Pro79Ser),0
TCF3,p.(Ala78Thr),0
TCF3,p.(Ala70Thr),0
TCF3,p.(Arg69Gly),0
TCF3,p.(Pro68Ser),0
TCF3,p.(Pro68Thr),0
TCF3,p.(Pro67Ser),0
TCF3,p.(His532Arg),0
TCF3,p.(Pro530Leu),0
TCF3,p.(Arg529His),0
TCF3,p.(Arg529Cys),0
TCF3,p.(Arg528Gln),0
TCF3,p.(Arg528Trp),0
TCF3,p.(His485Pro),0
TCF3,p.(Arg484Gln),0
TCF3,p.(Arg484Trp),0
TCF3,p.(Thr482Ile),0
TCF3,p.(Pro481Ser),0
TCF3,p.(Lys522Gln),0
TCF3,p.(His513Gln),0
TCF3,p.(Arg499Leu),0
TCF3,p.(Asp480Asn),0
TCF3,p.(Leu104Val),0
TCF3,p.(Arg103Leu),0
TCF3,p.(Arg103His),0
TCF3,p.(Arg103Cys),0
TCF3,p.(Val100Ile),0
TCF3,p.(Trp85Gly),0
TCF3,p.(Trp85Arg),0
TCF3,p.(Arg83Gln),0
TCF3,p.(Ala81Ser),0
TCF3,p.(Ala81Thr),0
TCF3,p.(Gly431Ser),0
TCF3,p.(Ala424Val),0
TCF3,p.(Gly385Asp),0
TCF3,p.(Gly362Asp),0
TCF3,p.(Gly313Arg),0
TCF3,p.(Thr300Ala),0
TCF3,p.(Pro246Leu),0
TCF3,p.(Thr198Ala),0
TCF3,p.(Gly164Ser),0
TCF3,p.(Arg158Gln),0
TCF3,p.(Leu120Pro),0
TCF3,p.(Gly119Ser),0
TCF3,p.(Ala107Thr),0
TCF3,p.(Lys101Arg),0
TCF3,p.(Trp105Cys),0
TCF3,p.(Asp63Asn),0
TCF3,p.(Gly46Arg),0
TCF3,p.(Ala8Ser),0
ZBTB7A,p.(Asp452Asn),1
ZBTB7A,p.(Cys384Trp),1
ZBTB7A,p.(Phe356Leu),0
ZBTB7A,p.(Ala281Thr),0
ZBTB7A,p.(Ala175Val),0
ZBTB7A,p.(Gly141Arg),0
ZBTB7A,p.(Ala136Pro),0
ZBTB7A,p.(Ser56Ile),1
DNMT1,p.(Glu1612Lys),0
DNMT1,p.(Thr1643Ile),0
DNMT1,p.(Arg1612Gly),0
DNMT1,p.(Ala1611Val),0
DNMT1,p.(Ala1611Thr),0
DNMT1,p.(Trp1610Ser),0
DNMT1,p.(Arg1601Gln),0
DNMT1,p.(Arg384Ser),0
DNMT1,p.(Ala358Val),0
DNMT1,p.(Ala358Thr),0
DNMT1,p.(Ala356Val),0
DNMT1,p.(Ala355Val),0
DNMT1,p.(Glu1531Asp),1
DNMT1,p.(Pro1530Ser),1
DNMT1,p.(Glu1518Gln),0
DNMT1,p.(His1460Gln),0
DNMT1,p.(His1460Arg),0
DNMT1,p.(Arg1456Gln),0
DNMT1,p.(Met1417Thr),1
DNMT1,p.(Arg1289Cys),0
DNMT1,p.(Ala1200Gly),0
DNMT1,p.(Ile1132Arg),0
DNMT1,p.(Ala1111Val),0
DNMT1,p.(Arg1110Leu),0
DNMT1,p.(Arg1110Gln),0
DNMT1,p.(Pro1127Leu),0
DNMT1,p.(Ser1122Cys),0
DNMT1,p.(Pro1103Arg),0
DNMT1,p.(His1102Tyr),0
DNMT1,p.(Thr1084Ile),0
DNMT1,p.(Asp1046His),0
DNMT1,p.(Arg1017Gln),0
DNMT1,p.(Asp937Gly),1
DNMT1,p.(Ser925Ala),0
DNMT1,p.(Thr882Ile),0
DNMT1,p.(Gly860Arg),0
DNMT1,p.(Asp859Tyr),0
DNMT1,p.(Asp859Asn),0
DNMT1,p.(Gly760Glu),1
DNMT1,p.(Leu592Arg),1
DNMT1,p.(Val590Phe),1
DNMT1,p.(Gly589Ala),1
DNMT1,p.(Pro46Leu),0
DNMT1,p.(Pro46Arg),0
DNMT1,p.(Thr44Met),0
DNMT1,p.(Arg33Leu),0
DNMT1,p.(Arg33His),0
DNMT1,p.(Ala554Val),1
DNMT1,p.(Thr32Met),0
DNMT1,p.(Ser29Phe),0
DNMT1,p.(Ser29Tyr),0
DNMT1,p.(Pro28His),0
DNMT1,p.(Arg26Lys),0
DNMT1,p.(Tyr524Cys),1
DNMT1,p.(Tyr524Ser),1
DNMT1,p.(Tyr495Cys),1
DNMT1,p.(Tyr495His),1
DNMT1,p.(Ala340Thr),0
DNMT1,p.(Ile311Met),0
DNMT1,p.(Ile311Val),0
DNMT1,p.(Gln310Pro),0
DNMT1,p.(Leu293Val),0
DNMT1,p.(Thr257Ile),0
DNMT1,p.(Val270Met),0
DNMT1,p.(Pro181Arg),0
DNMT1,p.(Arg156His),0
DNMT1,p.(Gly228Glu),0
DNMT1,p.(Leu149Pro),0
DNMT1,p.(Gln146Arg),0
DNMT1,p.(Leu145Pro),0
DNMT1,p.(Arg215Lys),0
DNMT1,p.(Leu140Trp),0
DNMT1,p.(His135Pro),0
DNMT1,p.(Lys122Arg),0
DNMT1,p.(Arg116Gln),0
DNMT1,p.(Lys109Arg),0
DNMT1,p.(Leu107Pro),0
DNMT1,p.(Glu150Gly),0
DNMT1,p.(Ile163Met),0
DNMT1,p.(Val160Ala),0
DNMT1,p.(Ala147Thr),0
DNMT1,p.(Val120Leu),0
DNMT1,p.(Arg118His),0
DNMT1,p.(Arg118Cys),0
DNMT1,p.(Asn111Ser),0
DNMT1,p.(Arg101Gln),0
DNMT1,p.(His97Arg),0
DNMT1,p.(Thr81Met),0
DNMT1,p.(Gly77Arg),0
DNMT1,p.(Glu71Gly),0
DNMT1,p.(Arg69His),0
DNMT1,p.(Thr55Ala),0
DNMT1,p.(Ser35Asn),0
DNMT1,p.(Arg41Trp),0
DNMT1,p.(Leu32Phe),0
KLF1,p.(His357Gln),1
KLF1,p.(Gln342Leu),0
KLF1,p.(Cys341Tyr),1
KLF1,p.(Pro338Ser),1
KLF1,p.(Pro338Thr),1
KLF1,p.(Thr334Arg),1
KLF1,p.(Glu325Lys),1
KLF1,p.(Arg301His),1
KLF1,p.(His299Tyr),1
KLF1,p.(His299Asp),1
KLF1,p.(Ala298Pro),1
KLF1,p.(Pro210Arg),0
KLF1,p.(Phe182Leu),0
KLF1,p.(Gly174Cys),0
KLF1,p.(Pro109Ser),0
KLF1,p.(Ser102Pro),0
KLF1,p.(Met39Leu),0
KLF1,p.(Val30Met),1
KLF1,p.(Ala16Thr),0
KLF1,p.(Ala7Thr),0
KLF1,p.(Glu5Lys),0
HAMP,p.(Arg59Pro),1
HAMP,p.(His62Arg),1
HAMP,p.(Gly71Asp),0
FTL,p.(Thr30Ile),1
FTL,p.(Thr85Ala),0
FTL,p.(Ser86Thr),0
FTL,p.(Ser86Arg),0
FTL,p.(Ala96Thr),1
FTL,p.(Thr128Ile),0
FTL,p.(His174Tyr),0
DNMT3B,p.(Arg54Gly),0
DNMT3B,p.(Arg54Cys),0
DNMT3B,p.(His129Tyr),0
DNMT3B,p.(Ala201Thr),0
DNMT3B,p.(Ser282Pro),1
DNMT3B,p.(Ala272Val),0
DNMT3B,p.(Ala376Thr),0
DNMT3B,p.(Thr275Met),0
DNMT3B,p.(Pro278Arg),0
DNMT3B,p.(Pro279Leu),0
DNMT3B,p.(Thr281Ile),0
DNMT3B,p.(Pro284Gln),0
DNMT3B,p.(Pro284Arg),0
DNMT3B,p.(Pro284Leu),0
DNMT3B,p.(Ser289Leu),0
DNMT3B,p.(Ile292Thr),0
DNMT3B,p.(Ile294Thr),0
DNMT3B,p.(Thr295Ile),0
DNMT3B,p.(Thr296Met),0
DNMT3B,p.(Ala297Gly),0
DNMT3B,p.(Ala306Val),0
DNMT3B,p.(Arg326Cys),0
DNMT3B,p.(Pro330Ser),0
DNMT3B,p.(Cys519Arg),1
DNMT3B,p.(Val527Ile),0
DNMT3B,p.(Thr546Met),0
DNMT3B,p.(Ala595Thr),1
DNMT3B,p.(Val598Ala),1
DNMT3B,p.(Val605Leu),1
DNMT3B,p.(Val605Ala),1
DNMT3B,p.(Asp645Asn),1
DNMT3B,p.(Gly655Ser),1
DNMT3B,p.(Arg662Gln),1
DNMT3B,p.(Val718Gly),1
DNMT3B,p.(Val738Gly),1
DNMT3B,p.(Ala758Pro),1
DNMT3B,p.(His806Arg),1
DNMT3B,p.(Asp809Gly),1
DNMT3B,p.(Val810Met),1
DNMT3B,p.(Arg815Gly),1
DNMT3B,p.(Arg832Gln),1
RUNX1,p.(Leu472Pro),0
RUNX1,p.(Ala467Val),0
RUNX1,p.(Met466Leu),0
RUNX1,p.(Glu456Lys),0
RUNX1,p.(Val452Gly),0
RUNX1,p.(Pro425Leu),0
RUNX1,p.(Glu422Gly),0
RUNX1,p.(Met418Leu),0
RUNX1,p.(Met418Val),0
RUNX1,p.(Gln397Arg),0
RUNX1,p.(Gly387Ser),0
RUNX1,p.(Asp344Asn),0
RUNX1,p.(Gln335His),0
RUNX1,p.(Pro333Leu),0
RUNX1,p.(Asp332Asn),0
RUNX1,p.(Ala329Thr),0
RUNX1,p.(Ser319Asn),0
RUNX1,p.(Ser318Ala),0
RUNX1,p.(Gln286Lys),0
RUNX1,p.(Pro278Ser),0
RUNX1,p.(Pro275Leu),0
RUNX1,p.(Arg271Lys),0
RUNX1,p.(Met267Ile),0
RUNX1,p.(His255Arg),0
RUNX1,p.(Arg250His),0
RUNX1,p.(Thr246Met),0
RUNX1,p.(Arg233His),0
RUNX1,p.(Glu223Gly),0
RUNX1,p.(Arg204Gln),1
RUNX1,p.(Arg204Gly),1
RUNX1,p.(Arg201Gln),1
RUNX1,p.(Gly199Glu),1
RUNX1,p.(Asp198Val),1
RUNX1,p.(Asp198Gly),1
RUNX1,p.(Asp198Ala),1
RUNX1,p.(Asp198Tyr),1
RUNX1,p.(Asp198Asn),1
RUNX1,p.(Thr196Ala),1
RUNX1,p.(Lys194Asn),1
RUNX1,p.(Arg169Ile),1
RUNX1,p.(Gly168Glu),1
RUNX1,p.(Gly168Arg),1
RUNX1,p.(Arg166Leu),1
RUNX1,p.(Arg166Gln),1
RUNX1,p.(Arg162Ser),1
RUNX1,p.(Arg162Thr),1
RUNX1,p.(Arg162Lys),1
RUNX1,p.(Arg162Gly),1
RUNX1,p.(Ala156Glu),1
RUNX1,p.(Trp37Arg),0
RUNX1,p.(Ala134Val),1
RUNX1,p.(Ala134Pro),1
RUNX1,p.(Ala134Thr),1
RUNX1,p.(Asp35Asn),0
RUNX1,p.(Cys34Arg),0
RUNX1,p.(His33Tyr),0
RUNX1,p.(Ser31Pro),0
RUNX1,p.(Arg28Gly),0
RUNX1,p.(Asp123Glu),0
RUNX1,p.(Arg24Gly),0
RUNX1,p.(Pro23Thr),0
RUNX1,p.(Lys110Asn),1
RUNX1,p.(Lys110Arg),1
RUNX1,p.(Lys110Glu),1
RUNX1,p.(Arg107His),1
RUNX1,p.(Arg107Cys),1
RUNX1,p.(Trp106Cys),1
RUNX1,p.(Trp106Arg),1
RUNX1,p.(His105Gln),1
RUNX1,p.(His105Pro),1
RUNX1,p.(Ser94Arg),1
RUNX1,p.(His85Asn),0
RUNX1,p.(Gly69Arg),0
RUNX1,p.(Ala60Val),0
RUNX1,p.(Leu56Ser),0
RUNX1,p.(Met52Lys),0
RUNX1,p.(Ile22Lys),0
RUNX1,p.(Met18Ile),0
RUNX1,p.(Ser12Leu),0
RUNX1,p.(Ile6Met),0
TMPRSS6,p.(Val727Ala),0
TMPRSS6,p.(His692Tyr),0
TMPRSS6,p.(Pro546Ser),0
TMPRSS6,p.(Arg545Gln),0
TMPRSS6,p.(Asp543Asn),0
TMPRSS6,p.(Cys516Tyr),1
TMPRSS6,p.(Glu513Lys),1
TMPRSS6,p.(Asp512Asn),1
TMPRSS6,p.(Arg437Gln),0
TMPRSS6,p.(Arg437Trp),0
TMPRSS6,p.(Gly433Arg),1
TMPRSS6,p.(Ile421Thr),0
TMPRSS6,p.(Pro414Ala),0
TMPRSS6,p.(Thr331Met),0
TMPRSS6,p.(Arg252Gln),0
TMPRSS6,p.(Thr242Ser),1
TMPRSS6,p.(Gly235Glu),1
TMPRSS6,p.(Arg232Gln),0
TMPRSS6,p.(Gly211Glu),0
TMPRSS6,p.(Ser279Leu),0
TMPRSS6,p.(Lys244Glu),0
TMPRSS6,p.(Ala220Thr),0
TMPRSS6,p.(Ala109Asp),1
TMPRSS6,p.(Val61Leu),0
TMPRSS6,p.(Ala59Val),0
GATA1,p.(Ala22Thr),0
GATA1,p.(Ala22Gly),0
GATA1,p.(Pro38Leu),0
GATA1,p.(Ala53Asp),0
GATA1,p.(Ala55Thr),0
GATA1,p.(His71Pro),0
GATA1,p.(His71Arg),0
GATA1,p.(Val74Leu),1
GATA1,p.(Gly89Glu),0
GATA1,p.(Gly99Ser),0
GATA1,p.(Arg113Leu),0
GATA1,p.(Asp115Tyr),0
GATA1,p.(Val121Met),0
GATA1,p.(Asn160Ser),0
GATA1,p.(Ser178Arg),0
GATA1,p.(Glu200Lys),1
GATA1,p.(Val205Met),1
GATA1,p.(Gly208Ser),1
GATA1,p.(Arg216Trp),1
GATA1,p.(Arg216Gln),1
GATA1,p.(Arg217Thr),1
GATA1,p.(Asp218Tyr),1
GATA1,p.(Asp218Gly),1
GATA1,p.(Ala227Val),1
GATA1,p.(Arg247His),0
GATA1,p.(Thr263Met),1
GATA1,p.(Thr267Ile),1
GATA1,p.(His289Tyr),1
GATA1,p.(Pro214Leu),0
GATA1,p.(Pro292Leu),0
GATA1,p.(Thr296Pro),1
GATA1,p.(Gly368Ser),0
GATA1,p.(Val371Met),0
GATA1,p.(Thr403Ile),0
GATA1,p.(Tyr292Asn),0
GATA1,p.(Cys293Arg),0
GATA1,p.(Ala297Thr),0
GATA1,p.(Leu299Ile),0
GATA1,p.(Met300Thr),1
ALAS2,p.(Ser536Phe),0
ALAS2,p.(Ser531Gly),1
ALAS2,p.(Met530Val),1
ALAS2,p.(Arg522Pro),1
ALAS2,p.(Arg522His),0
ALAS2,p.(Met259Thr),0
ALAS2,p.(Arg252Gln),0
ALAS2,p.(Leu251Pro),0
ALAS2,p.(Arg244Lys),0
ALAS2,p.(His487Arg),1
ALAS2,p.(His487Asp),1
ALAS2,p.(Asn468Asp),1
ALAS2,p.(Tyr463Cys),1
ALAS2,p.(Ala446Pro),0
ALAS2,p.(Arg442Gln),0
ALAS2,p.(Ile439Asn),1
ALAS2,p.(Leu424His),1
ALAS2,p.(Arg415His),1
ALAS2,p.(Arg415Cys),1
ALAS2,p.(Arg415Ser),1
ALAS2,p.(Glu404Lys),0
ALAS2,p.(Arg374Cys),1
ALAS2,p.(Arg367His),0
ALAS2,p.(Cys358Tyr),1
ALAS2,p.(Thr351Ser),1
ALAS2,p.(Gly350Ala),1
ALAS2,p.(Met342Thr),1
ALAS2,p.(Ile335Thr),1
ALAS2,p.(Tyr328His),1
ALAS2,p.(Val264Ala),1
ALAS2,p.(Lys262Gln),1
ALAS2,p.(Gly254Ser),1
ALAS2,p.(Ala245Ser),0
ALAS2,p.(Ala114Val),0
ALAS2,p.(Leu112Pro),0
ALAS2,p.(Leu110Pro),0
ALAS2,p.(Pro104His),0
ALAS2,p.(Met165Ile),1
ALAS2,p.(Tyr162His),1
ALAS2,p.(Asp153Val),1
ALAS2,p.(Ala135Thr),1
ALAS2,p.(Arg133Cys),1
ALAS2,p.(Arg133Ser),1
ALAS2,p.(Phe128Leu),1
ALAS2,p.(Arg126His),1
ALAS2,p.(Asp122Tyr),1
ALAS2,p.(Asp122Asn),1
ALAS2,p.(Glu51Lys),0
ALAS2,p.(Ala66Val),0
ALAS2,p.(Arg16Gln),0
ALAS2,p.(Arg16Trp),0
G6PD,p.(Arg522Gln),0
G6PD,p.(Pro535Ser),1
G6PD,p.(Gly534Val),1
G6PD,p.(Pro527Leu),1
G6PD,p.(Ile526Phe),1
G6PD,p.(Pro513Arg),1
G6PD,p.(Arg509Leu),1
G6PD,p.(Arg509Cys),1
G6PD,p.(Arg509Ser),1
G6PD,p.(Ala507Thr),1
G6PD,p.(Glu506Asp),1
G6PD,p.(Arg505Leu),1
G6PD,p.(Arg505Pro),1
G6PD,p.(Arg505His),1
G6PD,p.(Arg505Cys),1
G6PD,p.(Arg505Gly),1
G6PD,p.(Leu504Phe),1
G6PD,p.(Asp502Val),1
G6PD,p.(Asp502His),1
G6PD,p.(Asp502Asn),1
G6PD,p.(Arg500Leu),1
G6PD,p.(Arg500Pro),1
G6PD,p.(Arg500His),1
G6PD,p.(Arg500Cys),1
G6PD,p.(Val499Glu),1
G6PD,p.(His497Tyr),1
G6PD,p.(Gln495His),1
G6PD,p.(Gln495Arg),1
G6PD,p.(Ser494Gly),1
G6PD,p.(Gly493Val),1
G6PD,p.(Gly493Arg),1
G6PD,p.(Leu486Phe),1
G6PD,p.(Arg485Cys),1
G6PD,p.(Val477Gly),1
G6PD,p.(Glu462Lys),1
G6PD,p.(Gly456Ala),1
G6PD,p.(Gly456Asp),1
G6PD,p.(Gly456Cys),1
G6PD,p.(Pro455Arg),1
G6PD,p.(Pro455Gln),1
G6PD,p.(Pro455Ser),1
G6PD,p.(Lys453Thr),1
G6PD,p.(Met451Ile),1
G6PD,p.(Thr448Asn),1
G6PD,p.(Glu444Gly),1
G6PD,p.(Glu444Lys),1
G6PD,p.(Pro442Arg),1
G6PD,p.(Pro442Ala),1
G6PD,p.(Val440Leu),1
G6PD,p.(Arg439His),1
G6PD,p.(Arg439Cys),1
G6PD,p.(Arg439Gly),1
G6PD,p.(Ile438Thr),1
G6PD,p.(Glu435Gly),1
G6PD,p.(Arg433His),1
G6PD,p.(Arg433Cys),1
G6PD,p.(Lys432Glu),1
G6PD,p.(Cys431Trp),1
G6PD,p.(Cys431Phe),1
G6PD,p.(Cys431Gly),1
G6PD,p.(Cys431Arg),1
G6PD,p.(Phe427Leu),1
G6PD,p.(Ile426Thr),1
G6PD,p.(Ile426Val),1
G6PD,p.(Phe419Ser),1
G6PD,p.(Glu414Lys),1
G6PD,p.(Arg411His),1
G6PD,p.(Asn409Lys),1
G6PD,p.(Asn409Ile),1
G6PD,p.(Ala407Val),1
G6PD,p.(Ala407Thr),1
G6PD,p.(Ala296Val),0
G6PD,p.(Cys294Tyr),0
G6PD,p.(Leu402Gln),1
G6PD,p.(Ser293Phe),0
G6PD,p.(Ile401Val),1
G6PD,p.(Pro291Leu),0
G6PD,p.(Pro399Ser),1
G6PD,p.(Cys290Tyr),0
G6PD,p.(Gly289Val),0
G6PD,p.(Gly289Glu),0
G6PD,p.(Gly397Val),1
G6PD,p.(Val390Met),1
G6PD,p.(Pro344Ser),0
G6PD,p.(Arg343Cys),0
G6PD,p.(Arg342Cys),0
G6PD,p.(Ser341Gly),0
G6PD,p.(Thr382Ala),1
G6PD,p.(Ala381Asp),1
G6PD,p.(Ala381Thr),1
G6PD,p.(Arg337Cys),0
G6PD,p.(Ser378Phe),1
G6PD,p.(Arg333Trp),0
G6PD,p.(Val374Met),1
G6PD,p.(Gly330Ser),0
G6PD,p.(Gly326Arg),0
G6PD,p.(Tyr368His),1
G6PD,p.(Gly367Val),1
G6PD,p.(Gly367Glu),1
G6PD,p.(Glu363Lys),1
G6PD,p.(Gly362Ser),1
G6PD,p.(Trp316Arg),0
G6PD,p.(Arg311Cys),0
G6PD,p.(Gln353His),1
G6PD,p.(Gln353Pro),1
G6PD,p.(Gly352Ser),1
G6PD,p.(Gly308Trp),0
G6PD,p.(Gly308Arg),0
G6PD,p.(Val350Phe),1
G6PD,p.(Gly306Ser),0
G6PD,p.(Ala301Ser),0
G6PD,p.(Val337Met),1
G6PD,p.(Ser240Leu),0
G6PD,p.(Gly291Ser),0
G6PD,p.(Arg331His),1
G6PD,p.(Arg331Cys),1
G6PD,p.(Val330Ala),1
G6PD,p.(Thr234Met),0
G6PD,p.(Asp329Gly),1
G6PD,p.(Asp328Tyr),1
G6PD,p.(Asp328His),1
G6PD,p.(Thr231Ile),0
G6PD,p.(Thr325Ala),1
G6PD,p.(Ser324Phe),1
G6PD,p.(Ser324Pro),1
G6PD,p.(Pro227Leu),0
G6PD,p.(Pro322Leu),1
G6PD,p.(Pro322Ser),1
G6PD,p.(Lys321Asn),1
G6PD,p.(Glu320Val),1
G6PD,p.(Glu320Lys),1
G6PD,p.(Val317Leu),1
G6PD,p.(Cys315Tyr),1
G6PD,p.(Cys219Tyr),0
G6PD,p.(Pro302Leu),0
G6PD,p.(Val301Ile),0
G6PD,p.(Ser299Phe),0
G6PD,p.(Ser299Tyr),0
G6PD,p.(Leu297Val),0
G6PD,p.(Arg257Leu),1
G6PD,p.(Arg257Gln),1
G6PD,p.(Gly248Asp),1
G6PD,p.(Arg246Leu),1
G6PD,p.(Lys238Arg),1
G6PD,p.(Val233Leu),1
G6PD,p.(Cys232Tyr),1
G6PD,p.(Ala231Pro),1
G6PD,p.(Ala231Thr),1
G6PD,p.(Arg227Leu),1
G6PD,p.(Arg227Trp),1
G6PD,p.(Arg227Gly),1
G6PD,p.(Arg219Gly),1
G6PD,p.(Phe216Leu),1
G6PD,p.(Val213Leu),1
G6PD,p.(Gly204Asp),1
G6PD,p.(Asp200Asn),1
G6PD,p.(Ile199Val),1
G6PD,p.(Arg198Pro),1
G6PD,p.(Arg198His),1
G6PD,p.(Arg198Cys),1
G6PD,p.(Arg198Ser),1
G6PD,p.(Ile196Phe),1
G6PD,p.(Gln195His),1
G6PD,p.(Phe191Leu),1
G6PD,p.(Ser188Phe),1
G6PD,p.(Ser184Phe),1
G6PD,p.(Ser184Cys),1
G6PD,p.(Asp181Val),1
G6PD,p.(Ser179Asn),1
G6PD,p.(Asp176Gly),1
G6PD,p.(Phe173Leu),1
G6PD,p.(Pro172Ser),1
G6PD,p.(Arg166His),1
G6PD,p.(Arg166Cys),1
G6PD,p.(Asn165Asp),1
G6PD,p.(Gly163Asp),1
G6PD,p.(Gly163Ser),1
G6PD,p.(Cys158Tyr),1
G6PD,p.(His155Pro),1
G6PD,p.(His155Asp),1
G6PD,p.(Val150Ile),1
G6PD,p.(Glu148Lys),1
G6PD,p.(Pro144Ala),1
G6PD,p.(Phe138Val),1
G6PD,p.(Leu137Phe),1
G6PD,p.(Arg136Cys),1
G6PD,p.(Asn135Ile),1
G6PD,p.(Asn135Ser),1
G6PD,p.(Asn135Thr),1
G6PD,p.(Asn135His),1
G6PD,p.(Gly131Val),1
G6PD,p.(Leu128Pro),1
G6PD,p.(Met125Ile),0
G6PD,p.(His124Arg),1
G6PD,p.(Arg120His),0
G6PD,p.(Gln119Pro),1
G6PD,p.(Tyr118Ser),1
G6PD,p.(Tyr118His),1
G6PD,p.(Val108Glu),1
G6PD,p.(Arg104His),0
G6PD,p.(Lys97Met),1
G6PD,p.(Pro92Ser),1
G6PD,p.(Phe88Leu),0
G6PD,p.(Arg81Cys),1
G6PD,p.(Ser41Tyr),0
G6PD,p.(Asp79His),1
G6PD,p.(Gln37Leu),0
G6PD,p.(Leu75Pro),1
G6PD,p.(Pro34Leu),1
G6PD,p.(Pro32Arg),0
G6PD,p.(Met31Thr),0
G6PD,p.(Tyr70Cys),1
G6PD,p.(Tyr70His),1
G6PD,p.(Ala30Val),0
G6PD,p.(Val68Met),1
G6PD,p.(Ser28Leu),0
G6PD,p.(Phe66Cys),1
G6PD,p.(Glu63Lys),1
G6PD,p.(Pro23Leu),0
G6PD,p.(Pro62Leu),1
G6PD,p.(Pro62His),1
G6PD,p.(Leu60Pro),1
G6PD,p.(Ala20Val),0
G6PD,p.(Arg57Gln),1
G6PD,p.(Ser17Phe),0
G6PD,p.(Cys16Tyr),0
G6PD,p.(Pro12Leu),0
G6PD,p.(Ile48Thr),1
G6PD,p.(Pro5Arg),0
G6PD,p.(Ala44Gly),1
G6PD,p.(Ala44Thr),1
